,PM2.5 tomorrow (target),PM2.5 today,PM2.5 yesterday,7-day mean,7-day median,7-day spread (std),7-day max,7-day trend,sensor long-run level,city mean today,sensor spike rate (30 d),day of season,Friday (tomorrow),temperature tomorrow,humidity tomorrow,wind tomorrow,spike tomorrow,hazardous tomorrow
PM2.5 tomorrow (target),1.0,0.52541681521807,0.5073550120678498,0.6616800256037964,0.6847423526761437,-0.06434901391915972,0.3424131735416711,-0.0067216709525668005,0.6454996919798793,0.487611231569279,-0.10133206088740755,0.5059710324580681,0.10982041946784249,-0.4022812561726851,0.37916086110410924,-0.15446456790868804,0.5398091612033327,0.5380459020349921
PM2.5 today,0.52541681521807,1.0,0.524525249406699,0.7530400775991597,0.7275107081790464,0.14992884858270544,0.5421239450129812,0.17434598863877487,0.6711589178968643,0.5609117750774388,0.02670491620731984,0.5080072582370563,0.04896388220855599,-0.40166335093466754,0.3709806296660194,-0.14305024618431886,-0.032228924923569664,0.029474961549374196
PM2.5 yesterday,0.5073550120678498,0.524525249406699,1.0,0.7562894462270784,0.7272982757191064,0.14821298669153993,0.5397121941439389,0.18941774859168642,0.676683928477567,0.4859855315267857,0.02105283711220659,0.5042456250128007,0.00444055840650443,-0.4010473304162257,0.36776822291065714,-0.13147562191309328,-0.002629968538144428,0.05516708047552761
7-day mean,0.6616800256037964,0.7530400775991597,0.7562894462270784,1.0,0.9610119736669324,0.18765873640314057,0.7127484376262566,0.2537065850806957,0.8978922159936376,0.6125361654531596,0.02622438659874301,0.6669875959422943,-0.0025356004924595734,-0.5473893839344858,0.5134079420672563,-0.1970447951849401,-0.04553432928428047,0.01999652911656349
7-day median,0.6847423526761437,0.7275107081790464,0.7272982757191064,0.9610119736669324,1.0,-0.03898827785169516,0.5265648838508155,0.11002483100384858,0.9043353659878439,0.6454418504772435,-0.08948133443353481,0.7081714124811627,0.0018741025996604596,-0.5854059335881204,0.5420243386417735,-0.21322835341247656,-0.04310286039647735,0.02479789795591484
7-day spread (std),-0.06434901391915972,0.14992884858270544,0.14821298669153993,0.18765873640314057,-0.03898827785169516,1.0,0.8048543697294837,0.5706377613635661,-0.03164884713392402,-0.06339472050394455,0.46243572707023284,-0.10755587688035789,-0.004130535567305021,0.10113156396363057,-0.08130668739136235,0.06037720561113707,-0.010027430209205372,0.0006420873577311342
7-day max,0.3424131735416711,0.5421239450129812,0.5397121941439389,0.7127484376262566,0.5265648838508155,0.8048543697294837,1.0,0.5502126419830589,0.4989549805597184,0.31482893021159575,0.350712592605495,0.3140781771897437,-0.0023097741532632134,-0.24817872604861546,0.24262692560850277,-0.07845904747832173,-0.032832644972763746,0.013093058635127362
7-day trend,-0.0067216709525668005,0.17434598863877487,0.18941774859168642,0.2537065850806957,0.11002483100384858,0.5706377613635661,0.5502126419830589,1.0,-0.013406650968148663,0.04275459692805167,0.01929773976603331,0.01863834235633931,-0.0003066541715411293,-0.008029063289342274,0.005235999938792317,0.012292830743134855,-0.03523301471322734,-0.01114569119453862
sensor long-run level,0.6454996919798793,0.6711589178968643,0.676683928477567,0.8978922159936376,0.9043353659878439,-0.03164884713392402,0.4989549805597184,-0.013406650968148663,1.0,0.3891006491124773,-0.006357720514407387,0.43189313130608176,-0.011871529621222553,-0.35189793744967257,0.3248570991472405,-0.12303852425359943,-0.03632568767633141,0.02137953149338558
city mean today,0.487611231569279,0.5609117750774388,0.4859855315267857,0.6125361654531596,0.6454418504772435,-0.06339472050394455,0.31482893021159575,0.04275459692805167,0.3891006491124773,1.0,-0.08207689767595945,0.9045850838037522,0.08833029572302893,-0.7153795912291736,0.6607536791840514,-0.25419036889712937,-0.049879048162479636,0.0014658105497068414
sensor spike rate (30 d),-0.10133206088740755,0.02670491620731984,0.02105283711220659,0.02622438659874301,-0.08948133443353481,0.46243572707023284,0.350712592605495,0.01929773976603331,-0.006357720514407387,-0.08207689767595945,1.0,-0.10252712569635881,0.002780227233775194,0.09998416335293343,-0.08039192542951365,0.0281059446751917,-0.025411143786017568,-0.012798722073340827
day of season,0.5059710324580681,0.5080072582370563,0.5042456250128007,0.6669875959422943,0.7081714124811627,-0.10755587688035789,0.3140781771897437,0.01863834235633931,0.43189313130608176,0.9045850838037522,-0.10252712569635881,1.0,-0.00011349147606164281,-0.8299574511404586,0.7675155992760746,-0.3181189517029914,-0.05908861401131817,-0.008090566995882781
Friday (tomorrow),0.10982041946784249,0.04896388220855599,0.00444055840650443,-0.0025356004924595734,0.0018741025996604596,-0.004130535567305021,-0.0023097741532632134,-0.0003066541715411293,-0.011871529621222553,0.08833029572302893,0.002780227233775194,-0.00011349147606164281,1.0,-0.0219521449549614,0.026069061053326598,0.1309267479187411,0.016412412386412133,0.04536745481205816
temperature tomorrow,-0.4022812561726851,-0.40166335093466754,-0.4010473304162257,-0.5473893839344858,-0.5854059335881204,0.10113156396363057,-0.24817872604861546,-0.008029063289342274,-0.35189793744967257,-0.7153795912291736,0.09998416335293343,-0.8299574511404586,-0.0219521449549614,1.0,-0.6481251613620344,0.2573406130428531,0.08709144622941299,0.026197947212851482
humidity tomorrow,0.37916086110410924,0.3709806296660194,0.36776822291065714,0.5134079420672563,0.5420243386417735,-0.08130668739136235,0.24262692560850277,0.005235999938792317,0.3248570991472405,0.6607536791840514,-0.08039192542951365,0.7675155992760746,0.026069061053326598,-0.6481251613620344,1.0,-0.3038676100131742,-0.05299732988521617,-0.0156785376184122
wind tomorrow,-0.15446456790868804,-0.14305024618431886,-0.13147562191309328,-0.1970447951849401,-0.21322835341247656,0.06037720561113707,-0.07845904747832173,0.012292830743134855,-0.12303852425359943,-0.25419036889712937,0.0281059446751917,-0.3181189517029914,0.1309267479187411,0.2573406130428531,-0.3038676100131742,1.0,0.022437277972698334,0.01398705101802452
spike tomorrow,0.5398091612033327,-0.032228924923569664,-0.002629968538144428,-0.04553432928428047,-0.04310286039647735,-0.010027430209205372,-0.032832644972763746,-0.03523301471322734,-0.03632568767633141,-0.049879048162479636,-0.025411143786017568,-0.05908861401131817,0.016412412386412133,0.08709144622941299,-0.05299732988521617,0.022437277972698334,1.0,0.8401306979956826
hazardous tomorrow,0.5380459020349921,0.029474961549374196,0.05516708047552761,0.01999652911656349,0.02479789795591484,0.0006420873577311342,0.013093058635127362,-0.01114569119453862,0.02137953149338558,0.0014658105497068414,-0.012798722073340827,-0.008090566995882781,0.04536745481205816,0.026197947212851482,-0.0156785376184122,0.01398705101802452,0.8401306979956826,1.0
