family,config,tune_MAE,test_MAE,test_RMSE,test_bias,test_folds_beating_ridge
Ridge,ridge (current),13.06512567260606,12.737002020018858,20.429494167416177,-1.5677632807754383,0
RandomForest,rf leaf=10 feat=0.3,13.973270194760413,13.602230883057928,20.96571387885953,-0.7229053193946627,0
RandomForest,rf leaf=10 feat=0.6,14.3566132362123,13.910346193267548,21.388475440675577,-0.6847540166047904,0
RandomForest,rf leaf=30 feat=0.3,13.727302990836918,13.352372663323418,20.727266307722616,-0.9139497232450787,0
RandomForest,rf leaf=30 feat=0.6,13.94148148078021,13.518496055632289,20.863912033841128,-0.8082857053791593,0
RandomForest,rf leaf=80 feat=0.3,13.554772186723243,13.255035036152234,20.696237691402796,-1.0450461486468365,0
RandomForest,rf leaf=80 feat=0.6,13.633016996725749,13.288821210630072,20.72370557728295,-0.9664913049517205,0
XGBoost,xgb depth=2 n=200 child=20,13.280821161250643,13.261574890759515,20.793036131944692,-1.1077353504596725,0
XGBoost,xgb depth=2 n=200 child=80,13.244288147349744,13.2314570727324,20.76201995308694,-1.1633396628454151,0
XGBoost,xgb depth=2 n=600 child=20,13.212129279039546,13.181633672231074,20.702837299509863,-0.5753371846429205,0
XGBoost,xgb depth=2 n=600 child=80,13.196902260894833,13.116092511959005,20.684346961532547,-1.0125576531438603,1
XGBoost,xgb depth=3 n=200 child=20,13.30912439663009,13.221869698701369,20.75188073875285,-0.9630318899500939,0
XGBoost,xgb depth=3 n=200 child=80,13.249753601504326,13.220063310693122,20.75587815959702,-1.092248386844851,0
XGBoost,xgb depth=3 n=600 child=20,13.511172620309887,13.421436716664871,20.915805820812306,0.2492389891807167,0
XGBoost,xgb depth=3 n=600 child=80,13.449087218814613,13.286704811894518,20.83830373234779,-0.5317229960348279,0
XGBoost,xgb depth=5 n=200 child=20,13.562889912042893,13.479153743572688,20.875537706572057,-0.05994318699325852,0
XGBoost,xgb depth=5 n=200 child=80,13.527676724358837,13.335238967302963,20.796604688247314,-0.5221962260565234,0
XGBoost,xgb depth=5 n=600 child=20,13.961213318390012,13.966859211150725,21.3518836615321,0.6086685321059255,0
XGBoost,xgb depth=5 n=600 child=80,13.814018145263836,13.502206873725639,21.05624925851532,-0.4199057865191073,0
XGBoost,xgb pseudo-huber depth=3 n=600 child=80,13.331957336307614,12.826061733614415,20.558405718284202,-2.532206668290478,2
