detector,ROC_AUC,PR_AUC,AUC_fold_min,AUC_fold_max,top10%_caught,top10%_flagged
warm target day (temp),0.6455346145801862,0.04898064097726595,0.5128424657534246,0.7533783783783785,7,120
"boosting, + target-day weather",0.5422602309962585,0.03614592170654865,0.42807192807192807,0.6158620689655173,3,120
"random forest, + target-day weather",0.5351258395110502,0.036457274516166815,0.3779310344827586,0.7710344827586206,6,120
"random forest, all past features",0.507634031279775,0.030722362291347644,0.32413793103448274,0.7837837837837838,2,120
"logistic, + target-day weather",0.505217169017685,0.034115254138075216,0.2837837837837838,0.6675862068965517,5,120
persistence: spiked on origin day,0.4871023215821152,0.030833333333333334,0.43103448275862066,0.5,37,1200
"boosting, all past features",0.4836977992609979,0.03086828437412198,0.2837162837162837,0.8041379310344827,3,120
recent average level (mean7),0.4726941042504242,0.029613072018110687,0.22972972972972974,0.6998001998001998,2,120
rolling max above median,0.46700053449838486,0.030466333573031294,0.16216216216216217,0.6541095890410958,1,120
"logistic, all past features",0.4568566847156701,0.029669228618908527,0.28378378378378377,0.6352739726027397,2,120
rolling spread (std7),0.453173293672004,0.02912430692576099,0.16216216216216217,0.6541095890410958,1,120
days since last spike (fewer = higher),0.45317329367200393,0.027913877158126568,0.2655172413793104,0.7689655172413793,2,140
sensor spike rate (30 d),0.4467825521135925,0.027941031941031945,0.22413793103448276,0.7758620689655172,7,330
