variant,MAE,RMSE,flagged,caught,of,false_alarms,recall,precision,F1,spike PR-AUC
"current (level only, SPEC rule)",12.90106384631246,21.055475102211204,0,0,32,0,0.0,,0.0,
"spike logistic, past-only (cut-off tuned for F1)",16.642799954553116,29.647814003268117,50,1,32,49,0.03125,0.02,0.024390243902439025,0.03102965643616687
"spike logistic, past-only (cut-off tuned for F2)",17.557744624462416,31.346058676379563,63,1,32,62,0.03125,0.015873015873015872,0.021052631578947368,0.03102965643616687
"spike LightGBM, past-only (cut-off tuned for F1)",22.91093467340223,39.962617884421086,136,3,32,133,0.09375,0.022058823529411766,0.03571428571428571,0.02518354535029845
"spike LightGBM, past-only (cut-off tuned for F2)",22.91093467340223,39.962617884421086,136,3,32,133,0.09375,0.022058823529411766,0.03571428571428571,0.02518354535029845
"spike logistic, + target-day temperature (cut-off tuned for F1)",14.02455374992047,24.09521235803401,17,1,32,16,0.03125,0.058823529411764705,0.04081632653061224,0.05286702341061713
"spike logistic, + target-day temperature (cut-off tuned for F2)",15.280279566447316,26.963256147169293,35,2,32,33,0.0625,0.05714285714285714,0.05970149253731343,0.05286702341061713
"spike LightGBM, + target-day temperature (cut-off tuned for F1)",19.898570305422357,35.23130758306355,98,3,32,95,0.09375,0.030612244897959183,0.046153846153846156,0.031268675291513046
"spike LightGBM, + target-day temperature (cut-off tuned for F2)",20.220028725537155,35.72077278067428,102,3,32,99,0.09375,0.029411764705882353,0.04477611940298507,0.031268675291513046
