variant,MAE,flagged,caught,of,false_alarms,precision,F1,spike_ROC_AUC,spike_PR_AUC,mean_P,Brier
"level only (submitted model, SPEC 165)",12.90106384631246,0,0,32,0,,0.0,,,,
HARD  ridge-logistic | none | past | ridge size,13.869738716415332,14,1,32,13,0.07142857142857142,0.043478260869565216,0.3925774441681579,0.034238638757955665,0.027286713799012638,0.030230531074312967
SOFT  ridge-logistic | none | past | ridge size,13.441287324354484,0,0,32,0,,0.0,,,,
HARD  ridge-logistic | weights | past | ridge size,15.257136727947863,35,1,32,34,0.02857142857142857,0.029850746268656716,0.3987125560642327,0.039027877878689415,0.3693430158514186,0.15714033363656293
SOFT  ridge-logistic | weights | past | ridge size,38.33490857241298,157,4,32,153,0.025477707006369428,0.042328042328042326,,,,
HARD  ridge-logistic | undersample | past | ridge size,13.700436055650814,12,1,32,11,0.08333333333333333,0.045454545454545456,0.396713996885966,0.030315679604515852,0.11292895739476308,0.03902912310377576
SOFT  ridge-logistic | undersample | past | ridge size,17.412021154063368,4,0,32,4,0.0,0.0,,,,
HARD  boosting | none | past | ridge size,13.053849263466713,2,0,32,2,0.0,0.0,0.41495665915270386,0.025388128486840397,0.02945860463032265,0.03060668644514319
SOFT  boosting | none | past | ridge size,13.509199754712887,0,0,32,0,,0.0,,,,
HARD  boosting | weights | past | ridge size,19.46892469917538,89,1,32,88,0.011235955056179775,0.01652892561983471,0.4176523901373429,0.025974155222735155,0.29276340545200963,0.12000815793226655
SOFT  boosting | weights | past | ridge size,32.16551260386721,101,3,32,98,0.0297029702970297,0.045112781954887216,,,,
HARD  boosting | undersample | past | ridge size,18.319782773419234,81,2,32,79,0.024691358024691357,0.035398230088495575,0.4126211336013571,0.026244663888721678,0.11420692551836373,0.04151826083316475
SOFT  boosting | undersample | past | ridge size,17.59073458263641,3,0,32,3,0.0,0.0,,,,
HARD  ridge-logistic | weights | past | constant size,15.349425010867002,35,1,32,34,0.02857142857142857,0.029850746268656716,0.3987125560642327,0.039027877878689415,0.3693430158514186,0.15714033363656293
SOFT  ridge-logistic | weights | past | constant size,39.05126907793112,201,5,32,196,0.024875621890547265,0.04291845493562232,,,,
HARD  ridge-logistic | none | past+temp | ridge size,14.328329735973936,20,1,32,19,0.05,0.038461538461538464,0.47014942715716573,0.04463639187861919,0.02502669673111307,0.030046243846064843
SOFT  ridge-logistic | none | past+temp | ridge size,13.3781148687475,0,0,32,0,,0.0,,,,
HARD  ridge-logistic | weights | past+temp | ridge size,21.348086649914038,124,5,32,119,0.04032258064516129,0.0641025641025641,0.49766447444865336,0.05272777115725523,0.3389074755598634,0.137502187680412
SOFT  ridge-logistic | weights | past+temp | ridge size,36.10675088505543,152,5,32,147,0.03289473684210526,0.05434782608695652,,,,
HARD  ridge-logistic | undersample | past+temp | ridge size,13.672353910852525,12,1,32,11,0.08333333333333333,0.045454545454545456,0.4925983593223491,0.050896922852948646,0.10233267679630319,0.03644396336247407
SOFT  ridge-logistic | undersample | past+temp | ridge size,16.862332736269817,5,1,32,4,0.2,0.05405405405405406,,,,
HARD  boosting | none | past+temp | ridge size,36.95725085957254,338,6,32,332,0.01775147928994083,0.032432432432432434,0.4737514814900886,0.02986659035024705,0.026290605820741775,0.03100552263730517
SOFT  boosting | none | past+temp | ridge size,13.461499651392423,2,0,32,2,0.0,0.0,,,,
HARD  boosting | weights | past+temp | ridge size,43.305937572977356,424,9,32,415,0.02122641509433962,0.039473684210526314,0.483012246984732,0.029446742110730978,0.22312280229989995,0.09704724689185878
SOFT  boosting | weights | past+temp | ridge size,26.889139451711976,113,3,32,110,0.02654867256637168,0.041379310344827586,,,,
HARD  boosting | undersample | past+temp | ridge size,41.237167737749225,399,9,32,390,0.022556390977443608,0.04176334106728538,0.48553368501777794,0.030472722749731108,0.09355706948913754,0.040169683296936105
SOFT  boosting | undersample | past+temp | ridge size,16.745570174162932,15,1,32,14,0.06666666666666667,0.0425531914893617,,,,
HARD  ridge-logistic | weights | past+temp | constant size,21.77552195703563,126,5,32,121,0.03968253968253968,0.06329113924050633,0.49766447444865336,0.05272777115725523,0.3389074755598634,0.137502187680412
SOFT  ridge-logistic | weights | past+temp | constant size,36.29835698678277,174,6,32,168,0.034482758620689655,0.05825242718446602,,,,
