question_id,answer,sources,forecast_called
Q1,"Guidance from Guidance for Vulnerable Groups During Smog (DOC-11): Increase indoor air filtration. Keep rescue inhalers accessible and follow individual action plans provided by their physician. Guidance from Punjab Smog Health Advisory (DOC-01): When PM2.5 is in the hazardous range (165 µg/m³ or above):. Children, pregnant women, the elderly, and people with asthma or heart conditions should avoid outdoor activity entirely. The general public should limit outdoor time to under 30 minutes and avoid strenuous exercise outdoors. Guidance from Smog Frequently Asked Questions (DOC-04): Not recommended when PM2.5 is in the hazardous range. See DOC-01 for detailed guidance by pollution level.",DOC-11;DOC-01;DOC-04,False
Q2,"Guidance from Mask and Indoor Filtration Guidance (DOC-12): N95 or KN95 masks filter PM2.5 particles effectively when properly fitted (sealed around nose and mouth). Surgical and cloth masks provide minimal protection against PM2.5 and should not be relied upon during hazardous days. Masks should be worn by anyone spending more than 15 minutes outdoors when PM2.5 is forecast at or above 165 µg/m³. Guidance from Punjab Smog Health Advisory (DOC-01): When PM2.5 is in the hazardous range (165 µg/m³ or above):. Children, pregnant women, the elderly, and people with asthma or heart conditions should avoid outdoor activity entirely. The general public should limit outdoor time to under 30 minutes and avoid strenuous exercise outdoors.",DOC-12;DOC-01,False
Q3,"Forecast for Walled City on Thursday 5 November 2026: PM2.5 about 158.7 µg/m³, which is unhealthy (not hazardous). This is a team model forecast with a typical error of about ±13 µg/m³; sudden one-day spikes cannot be predicted. Health advice for this level (DOC-01): Sensitive groups should reduce prolonged outdoor exertion. General public may continue normal outdoor activity with reasonable caution. The forecast is below 165, so the current school policy's half-day and closure triggers are not met; schools follow normal timing. (DOC-03) Decisions are made the evening before using the next-day forecast for the school's area; parents are notified by SMS by 7:00 PM. (DOC-03)",DOC-01;DOC-03,True
Q4,"Forecast for Gulberg on Thursday 29 October 2026: PM2.5 about 128.9 µg/m³, which is unhealthy (not hazardous). This is a team model forecast with a typical error of about ±13 µg/m³; sudden one-day spikes cannot be predicted. Health advice for this level (DOC-01): Sensitive groups should reduce prolonged outdoor exertion. General public may continue normal outdoor activity with reasonable caution. Guidance from Guidance for Vulnerable Groups During Smog (DOC-11): Keep children indoors during recess and outdoor play when PM2.5 is forecast at or above 165 µg/m³. Watch for increased coughing, wheezing, or fatigue; consult a pediatrician if symptoms persist beyond two days. Guidance from Smog Frequently Asked Questions (DOC-04): Not recommended when PM2.5 is in the hazardous range. See DOC-01 for detailed guidance by pollution level.",DOC-01;DOC-11;DOC-04,True
Q5,"Forecast for DHA on Monday 2 November 2026: PM2.5 about 139.5 µg/m³, which is unhealthy (not hazardous). This is a team model forecast with a typical error of about ±13 µg/m³; sudden one-day spikes cannot be predicted.",DOC-01,True
Q6,"Forecast for Bahria Town on Friday 30 October 2026: PM2.5 about 126.9 µg/m³, which is unhealthy (not hazardous). This is a team model forecast with a typical error of about ±13 µg/m³; sudden one-day spikes cannot be predicted.",DOC-01,True
Q7,"Guidance from Vehicle Odd-Even Restriction Policy (DOC-05): When forecast PM2.5 for Lahore reaches hazardous levels (165 µg/m³ or above) for two or more consecutive days:. Private vehicles with number plates ending in an odd digit may only operate on odd calendar dates. Private vehicles with number plates ending in an even digit may only operate on even calendar dates. Guidance from Public Transport Smog Advisory (DOC-10): To reduce private vehicle emissions during smog season:. Metrobus and Orange Line services increase frequency by 20% during forecast hazardous days. Fares remain unchanged during smog alert periods. Guidance from Construction and Industrial Emission Restrictions (DOC-08): When forecast PM2.5 reaches hazardous levels (165 µg/m³ or above):. Open burning of waste or crop residue within city limits is prohibited and subject to fines. Construction sites must cover exposed material and halt dust-generating activity (demolition, excavation) between 7 AM and 7 PM.",DOC-05;DOC-10;DOC-08,False
Q8,"Guidance from Construction and Industrial Emission Restrictions (DOC-08): When forecast PM2.5 reaches hazardous levels (165 µg/m³ or above):. Open burning of waste or crop residue within city limits is prohibited and subject to fines. Construction sites must cover exposed material and halt dust-generating activity (demolition, excavation) between 7 AM and 7 PM.",DOC-08,False
Q9,"No forecast is available for Islamabad: this system only covers 15 areas of Lahore (Gulberg, DHA, Johar Town, Model Town, Wagah, Thokar Niaz Baig, Allama Iqbal Town, Shadman, Cantt, Faisal Town, Township, Walled City, Raiwind Road, Bahria Town, Airport Road), and the supplied policies apply to Punjab/Lahore only.",DOC-13,False
Q10,No forecast is available for Model Town on 2026-12-20 (date outside the supported forecast window 2026-10-29 to 2026-11-07). Forecasts cover 2026-10-29 to 2026-11-07 for the 15 covered Lahore areas; I will not estimate a number outside that.,DOC-13,True
Q11,"Guidance from Smog School Closure Policy (Version 2) (DOC-03): Schools switch to half-day timing (close by 12:00 PM) when forecast PM2.5 is 165–249 µg/m³ (hazardous range). Schools close fully when forecast PM2.5 is 250 µg/m³ or above. Outdoor sports, assemblies, and recess are suspended whenever PM2.5 is forecast at or above 165 µg/m³. Guidance from Smog Frequently Asked Questions (DOC-04): The Punjab Environmental Protection & Climate Change Department, in coordination with the School Education Department for school-related decisions.",DOC-03;DOC-04,False
Q12,"Guidance from Smog School Closure Policy (Version 1) (DOC-02) [SUPERSEDED, replaced by DOC-03]: Under this version:. Schools close only when PM2.5 exceeds 300 µg/m³ for two consecutive days. Outdoor sports periods are suspended above 200 µg/m³. Guidance from Smog School Closure Policy (Version 2) (DOC-03): Schools switch to half-day timing (close by 12:00 PM) when forecast PM2.5 is 165–249 µg/m³ (hazardous range). Schools close fully when forecast PM2.5 is 250 µg/m³ or above. Outdoor sports, assemblies, and recess are suspended whenever PM2.5 is forecast at or above 165 µg/m³. Guidance from Smog Frequently Asked Questions (DOC-04): The Punjab Environmental Protection & Climate Change Department, in coordination with the School Education Department for school-related decisions.",DOC-02;DOC-03;DOC-04,False
Q13,"Guidance from Community Smog Bulletin — Resident Tips (DOC-07) [unofficial community source]: A few practical tips shared by residents for coping with smog season:. Keep a damp cloth near doors and windows to catch dust. Indoor plants like money plant and areca palm can modestly help indoor air quality. Guidance from Smog Frequently Asked Questions (DOC-04): Yes, HEPA-filter air purifiers reduce indoor PM2.5 meaningfully in a closed room. They do not address outdoor exposure. Guidance from Mask and Indoor Filtration Guidance (DOC-12): HEPA air purifiers are effective for reducing indoor PM2.5 in closed rooms; run continuously during hazardous days. Seal gaps around windows and doors with weatherstripping where feasible during smog season. Avoid indoor sources of additional particulate matter (smoking, incense, frying without ventilation) during hazardous days.",DOC-07;DOC-04;DOC-12,False
Q14,"Johar Town mein Thursday 29 October 2026 ki PM2.5 forecast taqreeban 142.2 µg/m³ hai: ghair sehatmand, lekin khatarnak nahi. Yeh team model ki forecast hai; aam ghalti taqreeban ±13 µg/m³, aur achanak ek din ke spike pehle se nahi bataye ja sakte. DOC-01 hidayat: Sensitive groups should reduce prolonged outdoor exertion. General public may continue normal outdoor activity with reasonable caution. The forecast is below 165, so the current school policy's half-day and closure triggers are not met; schools follow normal timing. (DOC-03) Decisions are made the evening before using the next-day forecast for the school's area; parents are notified by SMS by 7:00 PM. (DOC-03)",DOC-01;DOC-03,True
Q15,"Hidayat from Smog Frequently Asked Questions (DOC-04): Not recommended when PM2.5 is in the hazardous range. See DOC-01 for detailed guidance by pollution level. Hidayat from Punjab Smog Health Advisory (DOC-01): When PM2.5 is in the hazardous range (165 µg/m³ or above):. Children, pregnant women, the elderly, and people with asthma or heart conditions should avoid outdoor activity entirely. The general public should limit outdoor time to under 30 minutes and avoid strenuous exercise outdoors. Hidayat from Guidance for Vulnerable Groups During Smog (DOC-11): Avoid outdoor exposure during hazardous days where possible. Report any unusual shortness of breath to a healthcare provider promptly.",DOC-04;DOC-01;DOC-11,False
Q16,"Across the 15 covered Lahore areas on Thursday 29 October 2026, forecast PM2.5 ranges from 113.6 (Allama Iqbal Town) to 155.2 µg/m³ (Walled City); no area is forecast hazardous (≥ 165). Name your area for a specific forecast. (bands: DOC-01)",DOC-01,True
