,MAE,RMSE,MAPE%,bias,R2,MAE_high,bias_high,haz_true,recall,precision,F1,false_alarms,FA_rate,PR_AUC,MAE_fold_std,abs_bias,mean_rank,skill_vs_mean7%,confirm_MAE,confirm_RMSE,confirm_bias,confirm_MAE_high,confirm_PR_AUC
ridge_strong,13.162831545052008,21.711628654012237,11.663657600697972,-1.639654007312287,0.43289348082412993,60.17588477885302,-60.17588477885302,24.0,0.0,,0.0,0.0,0.0,0.09092199465378997,1.2892671269543152,1.639654007312287,3.6,16.235607275319243,13.139543156191534,21.284034191538723,-1.6832922562049264,37.80016725420221,0.06418077659084853
ridge,13.169359025468264,21.737951555504626,11.682400666378372,-1.5677779556330997,0.43151754183133784,60.29223025251436,-60.29223025251436,24.0,0.0,,0.0,0.0,0.0,0.09010865439146204,1.2193642919549936,1.5677779556330997,4.2,16.194068307718045,12.99223136519976,21.169065418802145,-1.8693204962509322,37.51557359342684,0.06433947316300258
ridge+xgb,13.200488922747619,21.763139956765176,11.60157607625906,-1.8359185656240447,0.4301993440014362,59.81839117660612,-59.81839117660612,24.0,0.0,,0.0,0.0,0.0,0.08953474724461703,1.3310833930447439,1.8359185656240447,4.2,15.995966787367966,13.150504190208654,21.42579861562805,-0.5885358341469846,35.99458052720975,0.05672174070061394
ridge+lgbm,13.26477009133122,21.81398964801661,11.655604222670831,-2.012606907142486,0.4275335488394453,60.097832645544706,-60.097832645544706,24.0,0.0,,0.0,0.0,0.0,0.09163493210438023,1.3721445191823831,2.012606907142486,5.2,15.586900316251251,13.255274449072255,21.40836568562728,-0.370752952664857,35.26994961020726,0.05729199878136049
huber,12.956793182400572,21.647330288741173,11.297838096148567,-2.781511343714323,0.436247446491117,60.96198805375779,-60.96198805375779,24.0,0.0,,0.0,0.0,0.0,0.09259050010401561,1.181411163731205,2.781511343714323,5.4,17.54677488134796,12.928604341773923,21.244950362810044,-2.706503223932922,37.615808555886424,0.050432900432900434
ridge+extra_trees,13.278016881720367,21.8318066217369,11.69630283281843,-2.0065146045855586,0.42659802212072995,60.05768374838619,-60.05768374838619,24.0,0.0,,0.0,0.0,0.0,0.07038656315629951,1.2729491236259507,2.0065146045855586,6.2,15.50260163410978,13.276611096312257,21.43405178228141,-1.257233234850863,36.39244785508293,0.05590016708437761
xgb,13.707801190781097,22.12771080803366,11.972412311407037,-2.1040591756149887,0.4109491204896175,59.3445521006979,-59.3445521006979,24.0,0.0,,0.0,0.0,0.0,0.062011958201543274,1.4688629597356224,2.1040591756149887,6.6,12.767580561489467,13.896486015696516,21.99937975744128,0.6922488279569633,34.473587460992654,0.048824660928534165
elasticnet,13.464915227628934,21.91440865090812,11.927795327429662,-1.728770841266874,0.42225080794875824,60.83790340176057,-60.83790340176057,24.0,0.0,,0.0,0.0,0.0,0.08871068083267715,1.4159775332015712,1.728770841266874,6.8,14.313235471313035,13.461776281321203,21.77499876598711,-1.7253697439129871,39.455640894652674,0.057120339991618294
random_forest,13.842524410190846,22.170536678418472,12.13414156256731,-2.3399934209440594,0.4086668212880151,59.23489705602273,-59.23489705602273,24.0,0.0,,0.0,0.0,0.0,0.05973920244764976,1.365795993545106,2.3399934209440594,7.6,11.910241574726122,14.160383297427977,22.188871411662056,0.17152181673484715,33.92514613600178,0.05177043229772883
extra_trees,13.78973489000149,22.224284271333786,12.080305989536104,-2.4452512535380193,0.4057962313193816,59.82313724425802,-59.82313724425802,24.0,0.0,,0.0,0.0,0.0,0.05439632920644231,1.3062864693750251,2.4452512535380193,9.0,12.246178571697786,14.213427182465669,22.117959534940272,-0.6451459734507945,35.269322116739026,0.05050460599659684
hgb,14.078973400579065,22.47852996950503,12.303696999734765,-2.3362477213690522,0.3921230896655339,59.379244353026166,-59.379244353026166,24.0,0.0,,0.0,0.0,0.0,0.051969836941083855,1.3481246393512003,2.3362477213690522,9.4,10.405549668395508,14.316468887323103,22.407778941587082,0.6852952644318394,34.61084505329514,0.045804797949457327
lgbm,13.86811956002132,22.298793575725284,12.088944970290804,-2.457435858651872,0.40180528833852114,59.903435038575054,-59.903435038575054,24.0,0.0,,0.0,0.0,0.0,0.059621338574017774,1.5148874330851994,2.457435858651872,9.8,11.747361561036907,14.221627381428515,22.18997569980841,1.127814590921217,33.02432562698769,0.049810349995363865
mean7,15.714113260888771,24.05372133733116,13.606781050466346,-4.1048494743351895,0.3039436726886763,65.57477397885562,-65.57477397885562,24.0,0.0,,0.0,0.0,0.0,0.042602189287730734,1.7684480614333085,4.1048494743351895,13.0,0.0,15.71753617810761,24.294287338013987,-2.883709161586713,43.009783549783535,0.03738095238095238
persistence,20.770533085961656,31.98917367948129,18.36263552284634,-4.926652813852813,-0.23107887406792726,65.99446299732013,-65.99446299732013,24.0,0.0,0.0,0.0,20.0,0.027548209366391185,0.03988518980482464,5.805402958856732,4.926652813852813,14.0,-32.17757019518199,18.677862708719854,26.646105118741893,-9.828529375386516,52.16121212121211,0.06416666666666668
